{
    "rmse": 0.8050018977046257,
    "mae": 0.6598184353897109,
    "r2": 0.00838218049366879
}